"[84, 704]","[166, 706]","[193, 681]","[206, 660]","[219, 747]","[253, 591]"
"[84, 692]","[167, 692]","[194, 666]","[195, 666]","[206, 646]","[221, 731]"
"[85, 675]","[168, 672]","[195, 646]","[196, 645]","[196, 643]","[206, 624]","[206, 625]","[206, 626]","[224, 709]","[251, 554]"
"[86, 669]","[169, 665]","[195, 639]","[196, 638]","[206, 617]","[206, 618]","[224, 702]","[251, 547]"
"[86, 664]","[169, 659]","[196, 632]","[207, 611]","[206, 611]","[225, 695]","[250, 540]"
"[86, 658]","[169, 653]","[196, 626]","[206, 604]","[226, 689]","[250, 533]"
"[87, 653]","[170, 647]","[196, 620]","[197, 619]","[197, 617]","[198, 616]","[206, 600]","[206, 599]","[205, 602]","[227, 682]","[250, 526]"
"[87, 648]","[170, 641]","[171, 641]","[172, 641]","[173, 641]","[171, 640]","[172, 640]","[173, 640]","[174, 640]","[174, 641]","[175, 640]","[175, 641]","[176, 640]","[176, 641]","[185, 642]","[186, 642]","[187, 642]","[187, 641]","[188, 642]","[189, 642]","[190, 642]","[191, 642]","[192, 642]","[196, 613]","[192, 641]","[196, 614]","[196, 615]","[197, 612]","[207, 592]","[206, 593]","[227, 676]","[249, 520]"
"[88, 643]","[170, 635]","[171, 635]","[172, 635]","[173, 635]","[173, 636]","[174, 636]","[174, 635]","[175, 636]","[175, 635]","[176, 635]","[177, 635]","[176, 636]","[186, 637]","[187, 636]","[187, 637]","[188, 637]","[188, 636]","[189, 636]","[189, 637]","[190, 637]","[191, 637]","[192, 637]","[191, 636]","[190, 636]","[196, 607]","[196, 608]","[192, 636]","[196, 609]","[197, 607]","[207, 586]","[206, 587]","[228, 669]","[249, 514]"
"[88, 638]","[171, 629]","[197, 601]","[197, 600]","[207, 580]","[228, 663]","[248, 508]"
"[88, 633]","[171, 624]","[172, 624]","[173, 624]","[174, 624]","[172, 623]","[173, 623]","[174, 623]","[175, 623]","[175, 624]","[176, 623]","[176, 624]","[177, 623]","[177, 624]","[186, 624]","[186, 625]","[187, 625]","[187, 624]","[188, 625]","[188, 624]","[189, 625]","[189, 624]","[190, 625]","[191, 625]","[190, 624]","[192, 625]","[193, 625]","[197, 596]","[197, 594]","[207, 574]","[207, 575]","[229, 657]","[248, 502]"
"[88, 628]","[171, 618]","[197, 590]","[197, 589]","[198, 588]","[207, 568]","[207, 569]","[206, 570]","[229, 651]","[248, 496]"
"[89, 624]","[172, 613]","[173, 613]","[174, 613]","[175, 613]","[174, 614]","[174, 612]","[175, 612]","[175, 614]","[176, 612]","[176, 613]","[176, 614]","[177, 613]","[178, 613]","[188, 613]","[187, 614]","[188, 614]","[189, 613]","[189, 614]","[190, 614]","[191, 613]","[190, 613]","[191, 614]","[192, 614]","[192, 613]","[193, 614]","[197, 585]","[193, 613]","[197, 586]","[198, 584]","[207, 563]","[207, 564]","[230, 646]","[248, 444]","[248, 490]"
"[89, 619]","[172, 608]","[173, 608]","[174, 608]","[173, 607]","[174, 607]","[175, 607]","[175, 608]","[176, 608]","[176, 607]","[177, 607]","[177, 608]","[178, 607]","[178, 608]","[188, 608]","[189, 608]","[189, 609]","[188, 609]","[190, 608]","[190, 609]","[191, 609]","[191, 608]","[192, 609]","[193, 609]","[197, 579]","[193, 608]","[192, 608]","[194, 608]","[197, 580]","[198, 579]","[194, 607]","[199, 577]","[198, 578]","[197, 581]","[199, 576]","[199, 575]","[200, 575]","[206, 563]","[205, 564]","[205, 565]","[204, 566]","[206, 561]","[206, 562]","[230, 640]","[248, 485]"
"[90, 615]","[172, 603]","[173, 603]","[174, 603]","[175, 603]","[174, 602]","[175, 602]","[176, 602]","[176, 603]","[177, 602]","[177, 603]","[178, 602]","[178, 603]","[189, 603]","[189, 604]","[190, 603]","[190, 604]","[191, 603]","[191, 604]","[192, 603]","[192, 604]","[193, 604]","[198, 574]","[193, 603]","[194, 604]","[198, 575]","[194, 603]","[197, 576]","[197, 575]","[194, 602]","[198, 573]","[208, 552]","[207, 554]","[231, 635]","[248, 480]"
"[90, 610]","[173, 598]","[198, 569]","[198, 568]","[208, 547]","[207, 548]","[207, 550]","[231, 630]","[247, 475]"
"[90, 606]","[173, 593]","[174, 593]","[175, 593]","[175, 594]","[176, 593]","[176, 594]","[177, 593]","[177, 594]","[178, 593]","[178, 594]","[179, 593]","[189, 593]","[189, 594]","[190, 593]","[190, 594]","[191, 593]","[191, 594]","[192, 594]","[193, 593]","[192, 593]","[193, 594]","[194, 594]","[198, 564]","[194, 593]","[198, 565]","[199, 563]","[198, 566]","[199, 562]","[199, 561]","[207, 543]","[207, 544]","[207, 545]","[206, 546]","[232, 625]","[247, 470]"
"[90, 602]","[173, 588]","[198, 560]","[198, 559]","[199, 558]","[208, 538]","[207, 539]","[207, 540]","[232, 620]","[247, 465]"
"[91, 598]","[173, 584]","[174, 584]","[175, 584]","[176, 584]","[177, 584]","[177, 585]","[176, 585]","[177, 583]","[178, 584]","[178, 583]","[178, 585]","[179, 584]","[179, 585]","[190, 584]","[190, 585]","[191, 584]","[191, 585]","[192, 584]","[192, 585]","[193, 584]","[193, 585]","[194, 585]","[198, 555]","[194, 584]","[195, 584]","[198, 556]","[199, 554]","[199, 553]","[208, 533]","[208, 534]","[207, 535]","[233, 616]","[247, 460]"
"[92, 587]","[174, 572]","[199, 542]","[199, 541]","[200, 540]","[208, 520]","[208, 521]","[207, 522]","[208, 522]","[207, 523]","[234, 602]","[240, 436]","[241, 437]","[241, 438]","[242, 439]","[242, 440]","[243, 441]","[244, 442]","[244, 443]","[244, 444]","[245, 444]","[245, 445]","[246, 446]","[246, 447]"
"[92, 584]","[175, 568]","[176, 568]","[177, 568]","[177, 567]","[178, 567]","[178, 568]","[179, 567]","[179, 568]","[180, 567]","[180, 568]","[181, 568]","[191, 568]","[190, 568]","[191, 567]","[192, 568]","[192, 567]","[193, 568]","[193, 567]","[199, 539]","[195, 568]","[194, 567]","[194, 568]","[196, 568]","[197, 568]","[197, 567]","[199, 540]","[200, 536]","[199, 538]","[200, 535]","[208, 518]","[207, 519]","[207, 521]","[208, 519]","[207, 520]","[200, 537]","[235, 598]","[246, 443]"
"[93, 580]","[175, 564]","[176, 564]","[177, 564]","[178, 564]","[178, 565]","[177, 565]","[179, 564]","[179, 565]","[180, 564]","[180, 565]","[181, 564]","[181, 565]","[191, 564]","[192, 564]","[192, 565]","[193, 564]","[193, 565]","[199, 535]","[194, 564]","[194, 565]","[195, 564]","[196, 564]","[197, 564]","[199, 536]","[197, 563]","[199, 534]","[200, 533]","[208, 513]","[208, 514]","[208, 515]","[235, 594]","[246, 439]"
"[94, 571]","[176, 554]","[200, 524]","[200, 523]","[201, 522]","[201, 521]","[209, 502]","[209, 503]","[208, 504]","[208, 505]","[208, 506]","[237, 583]","[246, 428]"
"[95, 568]","[177, 550]","[201, 521]","[201, 520]","[209, 499]","[209, 500]","[201, 518]","[209, 502]","[237, 579]","[246, 424]"
"[96, 566]","[178, 547]","[201, 518]","[201, 517]","[202, 516]","[210, 496]","[209, 497]","[210, 497]","[209, 498]","[238, 576]","[246, 421]"
"[96, 563]","[178, 544]","[202, 515]","[202, 514]","[202, 512]","[210, 492]","[210, 493]","[210, 494]","[209, 496]","[210, 495]","[238, 573]","[247, 418]"
"[99, 553]","[180, 534]","[204, 504]","[204, 503]","[205, 501]","[212, 482]","[212, 484]","[212, 483]","[205, 502]","[211, 485]","[241, 562]","[249, 407]"
"[100, 550]","[181, 531]","[205, 502]","[205, 500]","[205, 501]","[205, 499]","[213, 479]","[213, 480]","[213, 482]","[212, 483]","[242, 560]","[250, 405]"
"[100, 548]","[182, 529]","[205, 499]","[206, 498]","[206, 497]","[206, 496]","[214, 477]","[214, 478]","[213, 479]","[213, 480]","[213, 481]","[243, 557]","[251, 403]"
"[101, 546]","[183, 526]","[206, 497]","[207, 496]","[207, 494]","[215, 475]","[215, 476]","[214, 477]","[214, 476]","[207, 495]","[243, 555]","[252, 400]"
"[102, 544]","[184, 524]","[207, 495]","[208, 493]","[208, 492]","[216, 473]","[216, 474]","[215, 475]","[208, 494]","[215, 476]","[244, 553]","[253, 398]"
"[103, 542]","[184, 522]","[208, 493]","[208, 491]","[208, 492]","[209, 490]","[217, 471]","[216, 472]","[216, 473]","[215, 474]","[215, 475]","[245, 551]","[254, 396]"
"[104, 540]","[185, 520]","[209, 491]","[209, 490]","[209, 489]","[218, 469]","[217, 470]","[217, 471]","[245, 549]","[255, 394]"
"[105, 538]","[186, 518]","[210, 489]","[210, 488]","[210, 487]","[211, 486]","[219, 467]","[218, 468]","[218, 469]","[218, 470]","[246, 548]","[256, 392]"
"[106, 536]","[187, 516]","[211, 487]","[211, 486]","[211, 485]","[220, 465]","[219, 465]","[219, 466]","[219, 467]","[212, 484]","[219, 468]","[247, 546]","[258, 391]"
"[106, 534]","[188, 514]","[212, 485]","[212, 484]","[212, 483]","[221, 463]","[220, 464]","[220, 465]","[220, 466]","[248, 544]","[259, 389]"
"[108, 532]","[189, 513]","[213, 483]","[213, 482]","[214, 480]","[213, 481]","[214, 479]","[214, 478]","[220, 467]","[221, 465]","[221, 466]","[220, 468]","[219, 469]","[214, 481]","[221, 464]","[220, 466]","[248, 542]","[261, 388]"
"[108, 530]","[190, 511]","[191, 511]","[192, 511]","[192, 510]","[193, 510]","[193, 511]","[194, 510]","[194, 511]","[193, 512]","[194, 512]","[195, 510]","[195, 511]","[205, 510]","[205, 511]","[206, 510]","[206, 511]","[207, 511]","[207, 510]","[214, 482]","[209, 510]","[208, 510]","[208, 511]","[211, 511]","[210, 511]","[209, 511]","[210, 510]","[213, 482]","[211, 509]","[211, 510]","[213, 483]","[214, 483]","[214, 481]","[214, 479]","[223, 460]","[222, 462]","[223, 461]","[214, 480]","[249, 541]","[262, 386]"
"[110, 528]","[191, 509]","[192, 509]","[193, 509]","[194, 509]","[194, 508]","[195, 509]","[194, 510]","[195, 508]","[195, 510]","[196, 509]","[196, 510]","[197, 509]","[206, 509]","[207, 508]","[207, 509]","[208, 508]","[208, 509]","[209, 509]","[215, 480]","[211, 509]","[210, 509]","[212, 509]","[212, 508]","[215, 481]","[215, 479]","[215, 478]","[216, 476]","[224, 458]","[224, 459]","[223, 460]","[223, 461]","[223, 462]","[250, 540]","[264, 384]"
"[110, 527]","[192, 508]","[216, 478]","[217, 477]","[225, 457]","[225, 458]","[224, 459]","[251, 538]","[265, 383]"
"[112, 525]","[193, 506]","[217, 477]","[217, 476]","[218, 475]","[226, 456]","[226, 455]","[226, 457]","[252, 536]","[266, 382]"
"[113, 524]","[194, 504]","[195, 504]","[195, 505]","[194, 505]","[196, 504]","[196, 505]","[197, 504]","[197, 505]","[198, 504]","[198, 505]","[199, 504]","[199, 505]","[200, 504]","[200, 505]","[209, 504]","[209, 505]","[210, 504]","[210, 505]","[211, 504]","[211, 505]","[212, 504]","[212, 505]","[213, 505]","[218, 475]","[214, 504]","[213, 504]","[214, 505]","[215, 504]","[218, 476]","[215, 503]","[219, 474]","[219, 473]","[228, 454]","[227, 454]","[227, 456]","[226, 457]","[253, 535]","[268, 380]"
"[114, 522]","[195, 503]","[196, 503]","[197, 503]","[197, 502]","[198, 502]","[198, 503]","[199, 502]","[199, 503]","[199, 504]","[200, 502]","[200, 503]","[200, 504]","[201, 502]","[201, 504]","[201, 503]","[210, 503]","[209, 503]","[210, 502]","[211, 503]","[211, 502]","[212, 503]","[211, 504]","[212, 502]","[213, 503]","[219, 474]","[214, 503]","[215, 503]","[216, 503]","[216, 502]","[219, 475]","[220, 473]","[220, 472]","[229, 452]","[228, 453]","[228, 454]","[254, 534]","[269, 379]"
"[115, 521]","[196, 501]","[220, 472]","[221, 472]","[221, 470]","[230, 451]","[229, 452]","[255, 532]","[270, 377]"
"[119, 516]","[200, 497]","[224, 468]","[224, 467]","[225, 466]","[234, 446]","[234, 447]","[233, 448]","[259, 529]","[274, 373]"
"[120, 515]","[201, 496]","[226, 467]","[226, 466]","[226, 465]","[235, 445]","[234, 446]","[234, 447]","[234, 448]","[260, 527]","[276, 372]"
"[121, 514]","[202, 495]","[227, 466]","[227, 465]","[227, 463]","[236, 444]","[235, 445]","[235, 446]","[227, 464]","[262, 526]","[277, 371]"
"[125, 509]","[206, 490]","[231, 462]","[231, 461]","[231, 460]","[231, 459]","[240, 440]","[239, 442]","[239, 443]","[240, 441]","[264, 524]","[283, 367]"
"[126, 508]","[207, 489]","[232, 460]","[232, 459]","[233, 458]","[241, 438]","[241, 439]","[240, 441]","[241, 440]","[233, 459]","[265, 523]","[285, 367]"
"[127, 506]","[208, 487]","[233, 459]","[233, 458]","[234, 456]","[242, 437]","[242, 438]","[242, 439]","[234, 457]","[265, 522]","[268, 326]","[287, 366]"
"[128, 504]","[209, 485]","[210, 485]","[211, 485]","[211, 484]","[212, 484]","[212, 485]","[213, 484]","[213, 485]","[214, 484]","[214, 485]","[215, 484]","[215, 485]","[216, 485]","[224, 486]","[225, 486]","[225, 485]","[226, 486]","[226, 487]","[227, 486]","[229, 486]","[234, 457]","[228, 486]","[230, 486]","[234, 456]","[235, 455]","[244, 435]","[243, 436]","[243, 437]","[265, 521]","[269, 324]","[289, 365]"
"[130, 497]","[210, 478]","[236, 451]","[237, 450]","[246, 430]","[246, 431]","[246, 432]","[264, 516]","[277, 321]","[296, 361]"
"[130, 494]","[210, 475]","[237, 449]","[238, 447]","[237, 448]","[238, 446]","[239, 445]","[239, 444]","[246, 433]","[246, 434]","[245, 434]","[245, 435]","[245, 436]","[247, 431]","[247, 432]","[264, 515]","[298, 360]"
"[130, 492]","[211, 473]","[212, 473]","[213, 474]","[214, 474]","[213, 473]","[214, 473]","[215, 473]","[215, 474]","[216, 473]","[216, 474]","[217, 473]","[217, 474]","[218, 473]","[218, 474]","[225, 475]","[226, 475]","[226, 476]","[227, 475]","[227, 476]","[228, 476]","[229, 476]","[230, 476]","[228, 475]","[231, 476]","[229, 475]","[237, 446]","[230, 475]","[238, 446]","[238, 444]","[249, 426]","[248, 426]","[248, 428]","[264, 513]","[282, 319]","[300, 359]"
"[130, 489]","[211, 471]","[212, 471]","[213, 471]","[213, 472]","[214, 471]","[214, 472]","[215, 472]","[215, 471]","[216, 471]","[216, 472]","[217, 471]","[217, 472]","[226, 473]","[225, 473]","[227, 473]","[228, 473]","[230, 473]","[231, 473]","[229, 473]","[232, 473]","[238, 445]","[239, 444]","[250, 424]","[249, 425]","[264, 512]","[302, 359]"
"[130, 486]","[211, 469]","[212, 469]","[213, 469]","[213, 470]","[214, 470]","[215, 470]","[214, 469]","[215, 469]","[216, 469]","[216, 470]","[217, 469]","[217, 470]","[225, 471]","[227, 471]","[226, 471]","[226, 472]","[227, 472]","[228, 471]","[228, 472]","[229, 472]","[230, 472]","[231, 472]","[229, 471]","[232, 472]","[230, 471]","[231, 471]","[239, 443]","[240, 442]","[251, 422]","[250, 423]","[264, 510]","[287, 318]","[304, 358]"
"[131, 480]","[213, 463]","[242, 438]","[242, 437]","[254, 418]","[254, 419]","[264, 507]","[310, 356]"
"[132, 479]","[214, 461]","[243, 437]","[243, 436]","[255, 416]","[255, 417]","[264, 506]","[310, 355]"
"[133, 477]","[214, 460]","[244, 435]","[244, 434]","[256, 416]","[256, 417]","[264, 505]","[313, 355]"
"[134, 476]","[215, 459]","[244, 434]","[245, 434]","[257, 414]","[257, 415]","[264, 504]","[314, 354]"
"[134, 474]","[216, 457]","[245, 433]","[246, 432]","[258, 414]","[257, 414]","[264, 503]","[315, 354]"
"[135, 473]","[216, 456]","[246, 433]","[246, 432]","[259, 413]","[258, 414]","[264, 502]","[317, 354]"
"[135, 472]","[217, 455]","[218, 455]","[219, 455]","[219, 456]","[220, 456]","[220, 455]","[221, 456]","[221, 455]","[222, 456]","[223, 456]","[231, 459]","[231, 458]","[232, 459]","[234, 459]","[232, 458]","[235, 459]","[236, 459]","[233, 458]","[233, 459]","[237, 460]","[237, 459]","[246, 431]","[247, 431]","[260, 412]","[259, 413]","[264, 502]","[318, 353]"
"[136, 470]","[217, 454]","[247, 430]","[248, 430]","[260, 411]","[260, 412]","[264, 501]","[319, 353]"
"[137, 468]","[217, 453]","[218, 453]","[219, 453]","[220, 453]","[220, 454]","[221, 454]","[221, 453]","[222, 454]","[222, 453]","[223, 454]","[224, 454]","[232, 457]","[233, 457]","[234, 457]","[233, 456]","[236, 457]","[237, 458]","[234, 456]","[238, 458]","[235, 457]","[237, 457]","[248, 429]","[261, 410]","[264, 500]","[321, 353]"
"[137, 467]","[218, 452]","[248, 429]","[249, 428]","[262, 409]","[262, 410]","[264, 499]","[322, 353]"
"[138, 466]","[218, 451]","[249, 428]","[249, 427]","[263, 409]","[262, 410]","[264, 498]","[320, 353]"
"[138, 464]","[219, 450]","[220, 450]","[221, 451]","[222, 451]","[223, 451]","[221, 450]","[224, 451]","[225, 451]","[232, 454]","[233, 454]","[234, 454]","[235, 454]","[236, 454]","[238, 455]","[239, 455]","[237, 454]","[249, 427]","[263, 408]","[264, 498]","[324, 353]"
"[138, 463]","[219, 449]","[250, 426]","[251, 425]","[264, 407]","[264, 408]","[264, 497]","[325, 352]"
"[139, 459]","[220, 446]","[252, 424]","[252, 423]","[264, 495]","[266, 405]","[266, 406]","[329, 352]"
"[140, 458]","[221, 445]","[222, 445]","[223, 446]","[224, 446]","[225, 446]","[226, 446]","[227, 446]","[235, 450]","[236, 450]","[237, 450]","[238, 450]","[240, 451]","[241, 451]","[239, 450]","[240, 450]","[252, 423]","[253, 423]","[254, 422]","[264, 494]","[266, 407]","[266, 406]","[265, 408]","[330, 352]"
"[140, 456]","[221, 445]","[222, 445]","[223, 445]","[224, 445]","[224, 446]","[225, 446]","[226, 446]","[226, 447]","[227, 447]","[228, 447]","[229, 448]","[230, 448]","[231, 449]","[232, 449]","[233, 449]","[231, 448]","[234, 450]","[253, 423]","[264, 494]","[267, 405]","[330, 351]"
"[140, 456]","[222, 445]","[253, 423]","[254, 422]","[264, 494]","[268, 405]","[267, 406]","[330, 351]"
"[141, 454]","[222, 444]","[223, 445]","[224, 445]","[225, 445]","[225, 446]","[226, 445]","[226, 446]","[227, 446]","[227, 445]","[228, 446]","[229, 446]","[236, 449]","[237, 449]","[238, 449]","[239, 450]","[240, 450]","[241, 450]","[242, 450]","[239, 449]","[254, 423]","[264, 494]","[269, 405]","[331, 351]"
"[141, 454]","[222, 445]","[254, 423]","[255, 422]","[264, 494]","[269, 405]","[268, 405]","[331, 351]"
"[141, 454]","[222, 445]","[223, 445]","[224, 445]","[224, 446]","[225, 446]","[226, 446]","[227, 446]","[225, 445]","[228, 446]","[236, 449]","[236, 450]","[237, 450]","[238, 450]","[240, 450]","[241, 451]","[237, 449]","[242, 451]","[238, 449]","[239, 450]","[241, 450]","[255, 424]","[255, 423]","[264, 494]","[269, 405]","[268, 406]","[331, 351]"
"[140, 453]","[222, 445]","[223, 445]","[224, 445]","[225, 446]","[226, 446]","[227, 446]","[228, 446]","[235, 449]","[236, 449]","[236, 450]","[237, 450]","[238, 450]","[239, 450]","[240, 450]","[237, 449]","[241, 451]","[238, 449]","[241, 450]","[254, 424]","[255, 423]","[265, 495]","[269, 405]","[269, 406]","[331, 351]"
"[139, 450]","[222, 445]","[223, 445]","[224, 446]","[225, 446]","[226, 446]","[224, 445]","[227, 446]","[236, 450]","[237, 450]","[238, 450]","[239, 450]","[241, 451]","[242, 451]","[240, 450]","[254, 424]","[255, 423]","[265, 495]","[269, 405]","[269, 406]","[331, 351]"
"[139, 450]","[222, 445]","[254, 424]","[255, 423]","[265, 495]","[269, 405]","[268, 406]","[332, 351]"
"[139, 449]","[222, 445]","[223, 445]","[224, 445]","[225, 445]","[225, 446]","[226, 445]","[226, 446]","[227, 446]","[237, 450]","[238, 450]","[240, 451]","[241, 451]","[242, 451]","[239, 450]","[240, 450]","[254, 424]","[255, 423]","[265, 495]","[269, 405]","[269, 406]","[332, 352]"
"[138, 448]","[222, 444]","[254, 423]","[255, 423]","[265, 495]","[269, 405]","[269, 406]","[332, 352]"
"[138, 447]","[221, 444]","[254, 424]","[255, 423]","[265, 495]","[269, 405]","[269, 406]","[332, 352]"
"[138, 446]","[222, 444]","[254, 424]","[265, 495]","[269, 405]","[332, 352]"
"[138, 445]","[221, 444]","[254, 424]","[265, 495]","[270, 405]","[332, 352]"
"[138, 444]","[222, 444]","[255, 423]","[265, 495]","[270, 405]","[332, 352]"
"[138, 444]","[221, 444]","[222, 444]","[223, 444]","[224, 444]","[224, 445]","[225, 445]","[226, 445]","[227, 445]","[235, 449]","[236, 449]","[237, 449]","[239, 450]","[240, 450]","[241, 450]","[238, 449]","[255, 423]","[265, 495]","[270, 405]","[332, 352]"
"[138, 443]","[222, 444]","[223, 444]","[224, 444]","[225, 445]","[225, 444]","[226, 445]","[227, 445]","[237, 449]","[238, 449]","[236, 449]","[240, 450]","[241, 450]","[242, 450]","[239, 449]","[239, 450]","[255, 423]","[265, 494]","[270, 405]","[270, 406]","[333, 352]"
"[138, 442]","[222, 443]","[223, 444]","[223, 443]","[224, 444]","[225, 444]","[226, 444]","[226, 445]","[227, 445]","[236, 449]","[238, 449]","[239, 450]","[240, 450]","[241, 450]","[242, 450]","[237, 449]","[239, 449]","[255, 423]","[266, 495]","[270, 405]","[333, 352]"
"[138, 442]","[222, 443]","[223, 443]","[223, 444]","[224, 444]","[225, 444]","[226, 444]","[227, 445]","[233, 448]","[234, 448]","[235, 449]","[236, 449]","[237, 449]","[238, 449]","[239, 450]","[235, 448]","[236, 448]","[255, 423]","[266, 495]","[270, 405]","[333, 352]"
"[138, 441]","[222, 443]","[223, 443]","[223, 444]","[224, 444]","[225, 444]","[226, 444]","[225, 445]","[226, 445]","[227, 445]","[227, 444]","[228, 445]","[235, 448]","[236, 449]","[237, 449]","[238, 449]","[239, 449]","[240, 450]","[236, 448]","[241, 450]","[255, 423]","[266, 495]","[271, 405]","[333, 352]"
"[138, 440]","[222, 443]","[223, 443]","[224, 444]","[225, 444]","[226, 444]","[227, 444]","[227, 445]","[224, 443]","[228, 445]","[236, 448]","[236, 449]","[237, 449]","[238, 449]","[239, 449]","[240, 450]","[241, 450]","[242, 450]","[240, 449]","[256, 423]","[256, 422]","[266, 495]","[271, 405]","[270, 405]","[333, 352]"
"[138, 440]","[222, 443]","[223, 443]","[223, 444]","[224, 444]","[225, 444]","[226, 444]","[226, 445]","[224, 443]","[227, 444]","[227, 445]","[228, 445]","[237, 449]","[236, 449]","[238, 449]","[239, 449]","[240, 450]","[241, 450]","[242, 450]","[240, 449]","[256, 423]","[266, 495]","[271, 405]","[270, 406]","[333, 352]"
"[138, 439]","[222, 443]","[223, 443]","[224, 443]","[224, 444]","[225, 444]","[226, 444]","[225, 443]","[227, 444]","[226, 443]","[228, 444]","[229, 444]","[237, 448]","[238, 449]","[239, 449]","[240, 449]","[241, 449]","[242, 450]","[238, 448]","[239, 448]","[241, 450]","[256, 423]","[266, 495]","[271, 405]","[334, 352]"
"[138, 438]","[222, 443]","[256, 423]","[266, 495]","[271, 405]","[334, 352]"
"[138, 438]","[222, 443]","[223, 443]","[224, 443]","[224, 444]","[225, 443]","[225, 444]","[226, 444]","[227, 444]","[228, 444]","[237, 448]","[238, 449]","[239, 449]","[240, 449]","[241, 450]","[242, 450]","[238, 448]","[241, 449]","[256, 423]","[266, 495]","[271, 405]","[334, 352]"
"[139, 437]","[222, 443]","[223, 443]","[224, 443]","[224, 444]","[225, 444]","[226, 444]","[227, 444]","[228, 444]","[237, 448]","[238, 449]","[239, 449]","[240, 449]","[241, 450]","[242, 450]","[238, 448]","[241, 449]","[256, 423]","[266, 495]","[271, 405]","[323, 308]","[334, 352]"
"[139, 437]","[222, 443]","[256, 423]","[257, 423]","[266, 495]","[272, 405]","[271, 406]","[323, 308]","[334, 352]"
"[139, 436]","[222, 443]","[257, 424]","[257, 423]","[266, 495]","[272, 406]","[271, 406]","[334, 352]"
"[139, 436]","[222, 443]","[257, 423]","[265, 495]","[272, 406]","[271, 406]","[334, 352]"
"[140, 436]","[222, 443]","[257, 423]","[265, 495]","[272, 406]","[271, 407]","[334, 352]"
"[140, 435]","[223, 443]","[257, 424]","[257, 423]","[265, 495]","[272, 406]","[271, 407]","[334, 352]"
"[140, 435]","[223, 443]","[257, 424]","[258, 423]","[265, 495]","[272, 406]","[271, 407]","[333, 352]"
"[140, 435]","[223, 443]","[257, 424]","[258, 423]","[265, 495]","[272, 406]","[271, 407]","[334, 352]"
"[140, 435]","[223, 443]","[257, 424]","[265, 495]","[272, 406]","[272, 407]","[334, 352]"
"[140, 435]","[223, 443]","[257, 424]","[264, 495]","[272, 406]","[335, 352]"
"[140, 435]","[223, 443]","[258, 424]","[258, 423]","[259, 423]","[265, 495]","[273, 406]","[272, 407]","[271, 407]","[335, 352]"
"[140, 434]","[223, 443]","[258, 424]","[258, 423]","[265, 495]","[273, 406]","[272, 407]","[335, 352]"
"[140, 434]","[223, 443]","[258, 424]","[258, 423]","[265, 495]","[273, 406]","[272, 407]","[335, 352]"
"[140, 434]","[223, 443]","[258, 424]","[259, 423]","[265, 495]","[273, 406]","[272, 407]","[335, 352]"
"[140, 434]","[223, 443]","[258, 424]","[259, 423]","[265, 495]","[273, 406]","[272, 407]","[335, 352]"
"[140, 433]","[223, 443]","[224, 443]","[225, 444]","[226, 444]","[227, 444]","[228, 444]","[228, 445]","[238, 449]","[239, 449]","[240, 450]","[241, 450]","[243, 450]","[244, 451]","[240, 449]","[242, 450]","[258, 424]","[265, 495]","[273, 406]","[335, 352]"
"[140, 434]","[223, 443]","[258, 424]","[265, 495]","[273, 406]","[323, 306]","[335, 352]"
"[140, 433]","[223, 443]","[258, 424]","[265, 495]","[273, 406]","[323, 306]","[335, 352]"
"[140, 433]","[223, 443]","[258, 424]","[265, 495]","[273, 406]","[273, 407]","[335, 352]"
"[140, 433]","[223, 443]","[258, 424]","[259, 424]","[264, 495]","[273, 406]","[273, 407]","[335, 352]"
"[140, 433]","[223, 443]","[258, 424]","[259, 424]","[264, 495]","[274, 406]","[273, 407]","[335, 352]"
"[140, 433]","[223, 443]","[224, 443]","[224, 444]","[225, 444]","[226, 444]","[227, 444]","[227, 445]","[228, 445]","[229, 445]","[239, 449]","[240, 450]","[238, 449]","[241, 450]","[242, 450]","[243, 450]","[244, 451]","[240, 449]","[243, 451]","[258, 424]","[259, 424]","[264, 495]","[274, 406]","[273, 407]","[335, 352]"
"[140, 433]","[223, 444]","[258, 424]","[264, 495]","[274, 406]","[335, 352]"
"[140, 433]","[223, 444]","[258, 424]","[264, 495]","[274, 406]","[334, 352]"
"[140, 433]","[223, 444]","[258, 424]","[259, 424]","[264, 494]","[273, 406]","[273, 407]","[323, 307]","[335, 352]"
"[140, 433]","[223, 444]","[258, 424]","[264, 495]","[273, 406]","[273, 407]","[335, 352]"
"[139, 433]","[222, 444]","[258, 425]","[264, 495]","[273, 406]","[335, 352]"
"[139, 434]","[222, 444]","[257, 424]","[258, 424]","[263, 495]","[273, 406]","[272, 407]","[323, 307]","[335, 352]"
"[139, 434]","[222, 443]","[257, 424]","[263, 495]","[272, 406]","[272, 407]","[316, 315]","[335, 352]"
"[139, 434]","[222, 444]","[257, 424]","[263, 495]","[272, 406]","[331, 352]"
"[139, 434]","[222, 444]","[257, 424]","[263, 495]","[272, 406]","[333, 352]"
"[138, 434]","[222, 444]","[257, 425]","[263, 495]","[272, 406]","[334, 352]"
"[138, 434]","[221, 444]","[257, 425]","[263, 495]","[272, 406]","[334, 352]"
"[138, 434]","[221, 444]","[256, 425]","[263, 495]","[272, 406]","[334, 352]"
"[138, 434]","[221, 444]","[256, 425]","[257, 424]","[262, 495]","[272, 406]","[271, 407]","[334, 352]"
"[138, 434]","[221, 444]","[256, 425]","[262, 495]","[272, 406]","[334, 352]"
"[138, 434]","[221, 444]","[256, 424]","[257, 423]","[262, 495]","[272, 406]","[271, 407]","[331, 352]"
"[138, 434]","[221, 444]","[256, 424]","[262, 495]","[272, 406]","[330, 352]"
"[138, 434]","[221, 444]","[256, 424]","[257, 423]","[262, 495]","[271, 406]","[271, 407]","[330, 352]"
"[138, 434]","[221, 444]","[256, 424]","[257, 423]","[262, 494]","[271, 406]","[271, 407]","[334, 352]"
"[138, 434]","[221, 444]","[256, 424]","[262, 495]","[271, 406]","[334, 352]"
"[138, 434]","[221, 444]","[256, 424]","[256, 423]","[262, 495]","[271, 406]","[270, 407]","[334, 352]"
"[138, 433]","[221, 444]","[222, 444]","[223, 444]","[224, 444]","[224, 445]","[225, 445]","[226, 445]","[237, 450]","[236, 450]","[238, 450]","[240, 450]","[241, 451]","[239, 450]","[240, 451]","[256, 424]","[262, 495]","[271, 406]","[334, 352]"
"[138, 433]","[221, 444]","[256, 424]","[262, 495]","[271, 406]","[334, 352]"
"[138, 433]","[221, 443]","[256, 424]","[262, 495]","[271, 406]","[334, 352]"
"[138, 433]","[221, 443]","[256, 424]","[262, 495]","[271, 406]","[334, 352]"
"[138, 433]","[221, 443]","[256, 424]","[262, 495]","[271, 406]","[334, 352]"
"[138, 433]","[221, 443]","[256, 424]","[262, 495]","[272, 406]","[334, 352]"
"[138, 433]","[221, 443]","[256, 424]","[262, 495]","[272, 406]","[321, 306]","[332, 352]"
"[137, 433]","[221, 443]","[256, 424]","[262, 495]","[272, 406]","[321, 306]","[334, 352]"
"[137, 433]","[221, 443]","[256, 424]","[262, 495]","[272, 406]","[334, 352]"
"[137, 432]","[221, 443]","[256, 424]","[262, 495]","[272, 406]","[334, 352]"
"[137, 432]","[221, 443]","[256, 424]","[262, 495]","[272, 406]","[334, 352]"
"[137, 432]","[221, 443]","[256, 424]","[262, 495]","[272, 406]","[321, 306]","[334, 352]"
"[137, 432]","[221, 443]","[256, 424]","[262, 495]","[272, 406]","[334, 352]"
"[137, 432]","[221, 443]","[256, 424]","[262, 495]","[272, 406]","[334, 352]"
"[137, 432]","[221, 443]","[257, 424]","[262, 495]","[272, 406]","[334, 352]"
"[137, 432]","[221, 443]","[257, 424]","[262, 495]","[272, 406]","[334, 352]"
"[137, 432]","[221, 443]","[257, 424]","[262, 495]","[272, 406]","[334, 352]"
"[137, 432]","[221, 443]","[257, 424]","[263, 495]","[272, 406]","[334, 352]"
"[137, 431]","[221, 443]","[257, 424]","[263, 495]","[257, 423]","[272, 406]","[333, 351]"
"[137, 431]","[221, 443]","[257, 424]","[263, 495]","[272, 406]","[334, 352]"
"[137, 431]","[221, 443]","[257, 424]","[263, 495]","[272, 406]","[320, 305]","[333, 352]"
"[137, 431]","[221, 443]","[257, 424]","[263, 495]","[272, 406]","[333, 352]"
"[137, 431]","[221, 443]","[257, 424]","[263, 495]","[272, 405]","[333, 351]"
"[136, 431]","[221, 443]","[257, 424]","[263, 495]","[272, 405]","[333, 351]"
"[136, 431]","[221, 443]","[257, 424]","[263, 495]","[272, 405]","[333, 351]"
"[136, 431]","[221, 443]","[257, 424]","[262, 494]","[272, 406]","[322, 305]","[333, 351]"
"[136, 431]","[221, 443]","[257, 424]","[262, 494]","[272, 406]","[333, 351]"
"[136, 431]","[220, 442]","[257, 424]","[262, 494]","[272, 406]","[333, 351]"
"[136, 430]","[220, 443]","[256, 424]","[257, 423]","[262, 494]","[272, 406]","[271, 406]","[333, 351]"
"[136, 430]","[220, 443]","[256, 423]","[262, 494]","[272, 406]","[333, 351]"
"[136, 430]","[220, 442]","[256, 424]","[257, 423]","[262, 495]","[272, 406]","[271, 406]","[333, 351]"
"[136, 430]","[220, 442]","[256, 424]","[262, 494]","[272, 405]","[332, 351]"
"[136, 430]","[220, 442]","[256, 423]","[262, 494]","[272, 405]","[333, 351]"
"[136, 429]","[220, 442]","[256, 424]","[262, 494]","[272, 405]","[333, 351]"
"[136, 428]","[220, 442]","[256, 423]","[262, 494]","[272, 405]","[333, 351]"
"[136, 428]","[220, 442]","[256, 423]","[262, 494]","[272, 405]","[333, 351]"
"[135, 428]","[220, 442]","[256, 423]","[262, 494]","[272, 405]","[320, 305]","[333, 351]"
"[135, 427]","[220, 442]","[256, 423]","[262, 494]","[272, 405]","[320, 304]","[331, 351]"
"[135, 427]","[220, 442]","[256, 423]","[262, 494]","[272, 405]","[332, 350]"
"[135, 427]","[220, 441]","[256, 423]","[262, 494]","[272, 405]","[331, 351]"
"[135, 427]","[220, 441]","[256, 423]","[262, 494]","[272, 405]","[332, 350]"
"[135, 427]","[220, 441]","[256, 423]","[262, 494]","[263, 494]","[272, 405]","[265, 496]","[266, 497]","[333, 351]"
"[135, 426]","[220, 441]","[256, 423]","[262, 494]","[272, 405]","[332, 350]"
"[135, 426]","[220, 441]","[256, 423]","[262, 494]","[272, 405]","[332, 350]"
"[135, 426]","[220, 441]","[256, 423]","[262, 494]","[272, 405]","[332, 350]"
"[135, 426]","[220, 441]","[256, 423]","[262, 494]","[256, 422]","[272, 405]","[320, 304]","[333, 351]"
"[135, 425]","[220, 441]","[256, 423]","[262, 493]","[272, 405]","[333, 350]"
"[135, 425]","[220, 441]","[256, 423]","[257, 422]","[262, 493]","[272, 405]","[271, 406]","[320, 304]","[333, 351]"
"[135, 425]","[219, 441]","[256, 423]","[262, 494]","[272, 405]","[333, 351]"
"[135, 424]","[220, 441]","[256, 423]","[262, 494]","[272, 404]","[333, 351]"
"[135, 424]","[220, 440]","[256, 423]","[262, 494]","[272, 405]","[333, 351]"
"[135, 423]","[219, 440]","[256, 423]","[262, 493]","[272, 404]","[333, 350]","[339, 306]"
"[135, 423]","[219, 440]","[256, 422]","[262, 493]","[272, 405]","[333, 350]","[339, 306]"
"[135, 422]","[219, 440]","[256, 422]","[262, 493]","[272, 404]","[333, 350]"
"[135, 421]","[219, 439]","[256, 422]","[262, 493]","[272, 405]","[333, 350]"
"[135, 421]","[219, 439]","[256, 422]","[262, 493]","[272, 404]","[333, 350]"
"[135, 420]","[219, 439]","[256, 422]","[262, 493]","[257, 421]","[272, 404]","[272, 405]","[333, 350]"
"[135, 420]","[219, 439]","[256, 422]","[262, 493]","[257, 421]","[272, 404]","[272, 405]","[333, 350]"
"[135, 419]","[219, 438]","[257, 421]","[262, 493]","[272, 404]","[333, 350]"
"[135, 419]","[218, 438]","[256, 421]","[262, 493]","[272, 404]","[333, 350]"
"[135, 418]","[219, 438]","[256, 421]","[262, 493]","[272, 404]","[333, 350]"
"[135, 418]","[219, 438]","[256, 421]","[262, 493]","[272, 404]","[330, 350]"
"[135, 418]","[219, 438]","[256, 421]","[262, 493]","[257, 420]","[272, 404]","[333, 350]"
"[135, 417]","[219, 438]","[256, 421]","[262, 492]","[257, 420]","[272, 403]","[272, 404]","[333, 350]"
"[135, 416]","[219, 438]","[256, 421]","[262, 492]","[257, 420]","[272, 403]","[272, 404]","[333, 350]"
"[136, 416]","[219, 437]","[256, 420]","[262, 492]","[257, 420]","[272, 404]","[333, 350]"
"[136, 415]","[219, 437]","[256, 421]","[262, 492]","[257, 420]","[272, 404]","[333, 350]"
"[136, 415]","[219, 437]","[256, 421]","[257, 420]","[262, 492]","[272, 403]","[272, 404]","[333, 350]"
"[136, 415]","[219, 437]","[256, 420]","[257, 420]","[262, 492]","[272, 403]","[272, 404]","[333, 350]"
"[136, 414]","[219, 437]","[257, 421]","[257, 420]","[262, 493]","[272, 403]","[272, 404]","[333, 350]"
"[136, 414]","[219, 437]","[257, 420]","[262, 492]","[273, 403]","[333, 350]"
"[136, 412]","[219, 436]","[257, 421]","[262, 492]","[273, 403]","[333, 350]"
"[137, 412]","[219, 436]","[257, 421]","[262, 492]","[257, 420]","[273, 403]","[272, 403]","[333, 350]"
"[137, 412]","[219, 436]","[257, 420]","[263, 492]","[273, 403]","[272, 404]","[333, 350]"
"[137, 411]","[219, 436]","[257, 421]","[263, 492]","[257, 420]","[273, 403]","[333, 350]"
"[137, 410]","[220, 436]","[257, 420]","[263, 493]","[273, 403]","[273, 404]","[333, 350]"
"[138, 410]","[220, 436]","[257, 421]","[257, 420]","[263, 493]","[258, 420]","[273, 403]","[272, 404]","[271, 405]","[333, 350]"
"[138, 409]","[220, 436]","[257, 421]","[257, 420]","[263, 493]","[258, 420]","[273, 403]","[272, 404]","[271, 405]","[333, 350]"
"[138, 406]","[219, 435]","[257, 420]","[263, 493]","[258, 420]","[273, 403]","[272, 404]","[271, 405]","[332, 350]"
"[138, 406]","[219, 435]","[257, 420]","[258, 420]","[263, 493]","[258, 419]","[273, 403]","[272, 404]","[271, 405]","[333, 350]"
"[138, 405]","[219, 435]","[257, 420]","[258, 420]","[262, 492]","[258, 419]","[273, 403]","[272, 404]","[271, 405]","[333, 350]"
"[139, 404]","[219, 435]","[257, 420]","[262, 493]","[258, 419]","[273, 403]","[272, 404]","[333, 350]"
"[139, 404]","[219, 434]","[257, 420]","[262, 493]","[274, 403]","[273, 404]","[333, 350]"
"[139, 403]","[219, 434]","[257, 420]","[262, 493]","[258, 420]","[273, 403]","[272, 404]","[332, 350]"
"[139, 403]","[219, 434]","[257, 421]","[257, 420]","[262, 493]","[258, 419]","[273, 403]","[272, 404]","[271, 405]","[332, 350]"
"[139, 402]","[219, 434]","[257, 421]","[262, 493]","[257, 420]","[258, 419]","[273, 403]","[272, 404]","[271, 405]","[332, 350]"
"[139, 401]","[219, 434]","[257, 421]","[262, 493]","[257, 420]","[258, 419]","[273, 403]","[272, 404]","[271, 405]","[332, 350]"
"[139, 401]","[219, 434]","[257, 421]","[262, 492]","[258, 420]","[258, 419]","[273, 404]","[272, 404]","[271, 405]","[332, 350]"
"[140, 400]","[219, 434]","[257, 420]","[262, 492]","[258, 419]","[273, 404]","[272, 404]","[271, 405]","[332, 350]"
"[140, 400]","[219, 434]","[257, 420]","[261, 492]","[258, 419]","[272, 404]","[271, 405]","[332, 350]"
"[140, 399]","[219, 434]","[257, 421]","[261, 492]","[258, 420]","[258, 419]","[272, 404]","[271, 405]","[332, 350]"
"[140, 398]","[219, 433]","[257, 420]","[261, 493]","[258, 419]","[273, 404]","[272, 404]","[271, 405]","[332, 350]"
"[140, 398]","[219, 433]","[257, 420]","[261, 493]","[258, 419]","[272, 404]","[271, 405]","[332, 350]"
"[140, 397]","[219, 433]","[257, 420]","[261, 493]","[258, 419]","[272, 403]","[272, 404]","[271, 405]","[332, 350]"
"[141, 397]","[219, 433]","[257, 420]","[261, 493]","[258, 420]","[258, 419]","[272, 403]","[272, 404]","[271, 405]","[317, 332]","[332, 350]"
"[141, 395]","[219, 432]","[257, 420]","[261, 492]","[257, 419]","[261, 493]","[272, 403]","[272, 404]","[263, 495]","[331, 350]"
"[141, 394]","[219, 432]","[257, 420]","[260, 492]","[258, 419]","[272, 403]","[271, 404]","[332, 350]"
"[141, 394]","[219, 432]","[257, 420]","[260, 492]","[257, 419]","[258, 418]","[272, 403]","[272, 404]","[271, 405]","[332, 350]"
"[141, 393]","[219, 432]","[257, 420]","[260, 492]","[257, 419]","[258, 418]","[261, 493]","[262, 493]","[263, 494]","[272, 403]","[272, 404]","[271, 404]","[268, 498]","[270, 499]","[272, 500]","[274, 501]","[275, 502]","[332, 350]"
"[141, 391]","[218, 431]","[256, 420]","[260, 492]","[257, 419]","[258, 418]","[271, 403]","[272, 403]","[270, 404]","[331, 350]"
"[141, 391]","[218, 431]","[256, 419]","[259, 492]","[257, 418]","[258, 417]","[272, 402]","[271, 403]","[270, 404]","[331, 350]"
"[141, 390]","[218, 430]","[256, 419]","[258, 492]","[257, 418]","[258, 417]","[271, 402]","[271, 403]","[270, 404]","[331, 350]"
"[141, 389]","[218, 430]","[256, 418]","[258, 491]","[257, 417]","[271, 402]","[271, 403]","[270, 404]","[331, 350]"
"[140, 387]","[216, 428]","[254, 417]","[256, 489]","[255, 417]","[256, 416]","[270, 401]","[270, 402]","[269, 403]","[331, 350]"
"[140, 386]","[216, 428]","[254, 417]","[256, 490]","[255, 416]","[270, 401]","[269, 402]","[268, 403]","[331, 350]"
"[140, 385]","[216, 427]","[253, 417]","[254, 488]","[254, 416]","[255, 415]","[269, 401]","[268, 402]","[267, 403]","[331, 350]"
"[138, 382]","[214, 424]","[251, 414]","[252, 486]","[252, 414]","[253, 413]","[268, 399]","[267, 400]","[266, 401]","[330, 350]"
"[138, 380]","[213, 424]","[251, 414]","[251, 486]","[251, 413]","[252, 412]","[267, 399]","[266, 400]","[330, 350]"
"[137, 379]","[212, 422]","[233, 435]","[250, 413]","[250, 485]","[251, 412]","[252, 412]","[267, 398]","[266, 399]","[265, 400]","[330, 350]"
"[137, 377]","[212, 422]","[249, 412]","[249, 484]","[250, 411]","[251, 411]","[266, 398]","[265, 399]","[330, 350]"
"[136, 376]","[211, 420]","[248, 411]","[248, 483]","[249, 410]","[250, 410]","[266, 397]","[265, 398]","[264, 398]","[330, 349]"
"[136, 374]","[210, 419]","[247, 410]","[246, 482]","[248, 409]","[249, 409]","[265, 396]","[264, 397]","[263, 398]","[328, 349]"
"[135, 372]","[209, 418]","[245, 481]","[246, 409]","[247, 408]","[248, 408]","[264, 396]","[263, 396]","[262, 397]","[328, 349]"
"[135, 371]","[208, 416]","[244, 480]","[245, 408]","[246, 407]","[247, 407]","[263, 394]","[262, 395]","[261, 396]","[329, 349]"
"[134, 369]","[205, 452]","[207, 415]","[208, 414]","[208, 415]","[209, 414]","[210, 414]","[211, 414]","[212, 414]","[213, 414]","[229, 409]","[228, 409]","[227, 409]","[226, 409]","[231, 408]","[230, 408]","[227, 410]","[232, 408]","[230, 409]","[233, 408]","[228, 410]","[234, 407]","[234, 408]","[231, 409]","[232, 409]","[235, 407]","[233, 409]","[235, 408]","[236, 408]","[234, 409]","[242, 479]","[237, 408]","[238, 407]","[237, 407]","[239, 407]","[238, 408]","[240, 407]","[239, 408]","[241, 406]","[240, 408]","[242, 406]","[241, 408]","[241, 407]","[243, 406]","[242, 407]","[262, 394]","[261, 395]","[328, 349]"
"[133, 367]","[206, 413]","[241, 478]","[243, 406]","[244, 405]","[245, 404]","[246, 404]","[259, 394]","[261, 393]","[260, 393]","[258, 395]","[328, 348]"
"[132, 365]","[203, 448]","[205, 412]","[239, 476]","[242, 404]","[243, 404]","[244, 403]","[245, 402]","[260, 392]","[260, 393]","[259, 393]","[258, 394]","[325, 348]"
"[132, 363]","[169, 445]","[204, 410]","[237, 475]","[241, 403]","[242, 403]","[243, 402]","[244, 401]","[260, 391]","[259, 392]","[258, 392]","[257, 393]","[324, 348]"
"[131, 361]","[203, 408]","[236, 474]","[240, 402]","[241, 401]","[242, 401]","[242, 400]","[244, 400]","[259, 390]","[258, 390]","[257, 390]","[256, 391]","[255, 392]","[327, 348]"
"[130, 358]","[167, 443]","[202, 407]","[234, 472]","[238, 400]","[239, 400]","[240, 399]","[242, 399]","[257, 389]","[256, 390]","[257, 388]","[254, 390]","[323, 348]"
"[129, 356]","[200, 405]","[232, 470]","[238, 398]","[239, 398]","[240, 397]","[254, 388]","[256, 387]","[253, 389]","[325, 348]"
"[126, 349]","[196, 399]","[225, 465]","[233, 393]","[234, 393]","[235, 392]","[237, 392]","[253, 383]","[252, 383]","[251, 384]","[250, 384]","[249, 385]","[325, 347]"
"[125, 346]","[195, 396]","[223, 463]","[231, 392]","[232, 391]","[233, 391]","[235, 390]","[249, 382]","[251, 381]","[250, 381]","[247, 383]","[322, 346]"
"[124, 343]","[193, 394]","[221, 461]","[230, 390]","[230, 389]","[231, 389]","[233, 388]","[250, 380]","[249, 380]","[247, 380]","[246, 381]","[250, 379]","[319, 346]"
"[120, 334]","[155, 420]","[188, 387]","[214, 455]","[224, 384]","[225, 383]","[226, 383]","[227, 382]","[227, 383]","[228, 382]","[245, 374]","[244, 374]","[243, 374]","[241, 375]","[320, 344]"
"[119, 331]","[187, 384]","[211, 453]","[223, 381]","[224, 381]","[225, 380]","[226, 380]","[227, 380]","[242, 372]","[240, 373]","[239, 373]","[243, 372]","[241, 372]","[318, 344]"
"[118, 328]","[185, 382]","[208, 451]","[221, 378]","[222, 378]","[223, 377]","[224, 377]","[223, 378]","[225, 377]","[239, 371]","[237, 371]","[241, 370]","[240, 370]","[236, 371]","[238, 371]","[300, 312]"
"[116, 324]","[183, 379]","[206, 448]","[219, 377]","[219, 376]","[220, 376]","[221, 376]","[222, 375]","[223, 375]","[237, 368]","[236, 369]","[239, 368]","[238, 368]","[235, 369]","[237, 369]","[316, 342]"
"[112, 313]","[177, 370]","[197, 440]","[212, 369]","[213, 369]","[214, 368]","[215, 368]","[216, 367]","[217, 367]","[216, 368]","[232, 361]","[231, 361]","[230, 362]","[229, 362]","[233, 361]","[279, 320]","[311, 338]"
"[110, 310]","[175, 367]","[194, 437]","[210, 366]","[211, 366]","[212, 365]","[213, 365]","[214, 365]","[215, 364]","[226, 359]","[230, 358]","[228, 359]","[227, 359]","[225, 360]","[226, 360]","[229, 359]","[229, 358]","[309, 336]"
"[109, 306]","[173, 364]","[190, 434]","[208, 364]","[208, 363]","[209, 363]","[210, 363]","[211, 362]","[211, 363]","[212, 362]","[224, 356]","[223, 357]","[228, 355]","[227, 355]","[226, 356]","[224, 357]","[225, 356]","[225, 357]","[227, 356]","[307, 334]"
"[107, 302]","[171, 360]","[188, 432]","[205, 361]","[206, 360]","[207, 360]","[208, 360]","[209, 359]","[210, 359]","[225, 353]","[224, 353]","[222, 354]","[221, 354]","[226, 353]","[223, 354]","[305, 333]"
"[105, 298]","[168, 357]","[184, 428]","[203, 357]","[204, 357]","[205, 356]","[205, 357]","[206, 356]","[206, 357]","[207, 356]","[219, 351]","[218, 351]","[223, 350]","[222, 350]","[221, 350]","[220, 351]","[302, 331]"
"[103, 293]","[166, 354]","[180, 425]","[200, 355]","[201, 355]","[202, 354]","[203, 354]","[201, 354]","[204, 354]","[221, 347]","[220, 348]","[222, 347]","[218, 348]","[219, 348]","[300, 329]"
"[102, 289]","[163, 350]","[177, 422]","[198, 352]","[198, 351]","[199, 351]","[200, 351]","[202, 350]","[201, 350]","[203, 350]","[216, 344]","[215, 345]","[218, 344]","[217, 344]","[214, 345]","[216, 345]","[298, 327]"
"[100, 285]","[161, 346]","[174, 418]","[195, 348]","[196, 348]","[197, 347]","[198, 347]","[199, 347]","[200, 347]","[213, 341]","[212, 341]","[211, 342]","[210, 342]","[209, 342]","[215, 341]","[214, 341]","[212, 342]","[296, 325]"
"[98, 280]","[158, 342]","[170, 415]","[192, 345]","[193, 345]","[193, 344]","[194, 344]","[195, 344]","[196, 344]","[197, 343]","[210, 338]","[209, 338]","[208, 339]","[207, 339]","[213, 337]","[212, 338]","[209, 339]","[211, 338]","[293, 322]"
"[95, 275]","[156, 338]","[166, 411]","[190, 341]","[191, 341]","[192, 340]","[193, 340]","[191, 340]","[194, 340]","[195, 340]","[207, 335]","[206, 335]","[210, 334]","[209, 334]","[208, 334]","[205, 335]","[208, 335]","[291, 319]"
"[93, 270]","[112, 365]","[153, 334]","[163, 407]","[187, 337]","[188, 337]","[189, 336]","[189, 337]","[190, 336]","[191, 336]","[192, 336]","[193, 336]","[206, 331]","[205, 331]","[204, 331]","[203, 331]","[202, 332]","[208, 330]","[207, 330]","[203, 332]","[289, 317]"
"[91, 265]","[109, 360]","[150, 330]","[160, 403]","[184, 333]","[286, 313]"
"[89, 260]","[148, 325]","[157, 398]","[182, 328]","[183, 328]","[184, 328]","[185, 327]","[185, 328]","[186, 327]","[186, 328]","[187, 327]","[200, 323]","[199, 323]","[198, 323]","[197, 323]","[203, 322]","[202, 322]","[201, 323]","[284, 310]"
"[87, 254]","[145, 320]","[154, 393]","[179, 324]","[281, 306]"
"[85, 248]","[142, 314]","[151, 388]","[177, 319]","[178, 319]","[179, 319]","[180, 318]","[180, 319]","[181, 318]","[181, 319]","[182, 318]","[195, 314]","[194, 314]","[193, 314]","[192, 314]","[196, 313]","[198, 313]","[197, 313]","[196, 314]","[197, 314]","[279, 302]"
"[79, 230]","[135, 298]","[142, 372]","[169, 304]","[170, 304]","[170, 303]","[171, 303]","[172, 303]","[173, 303]","[174, 303]","[175, 303]","[185, 299]","[184, 300]","[188, 299]","[187, 299]","[186, 299]","[190, 298]","[189, 299]","[185, 300]","[186, 300]","[190, 299]","[272, 289]"
"[77, 223]","[132, 292]","[140, 367]","[167, 298]","[168, 298]","[169, 297]","[169, 298]","[170, 297]","[171, 297]","[170, 298]","[172, 297]","[173, 297]","[183, 294]","[185, 293]","[184, 294]","[188, 293]","[187, 293]","[185, 294]","[186, 293]","[186, 294]","[187, 294]","[270, 284]"
"[74, 217]","[130, 286]","[137, 361]","[165, 292]","[166, 292]","[167, 292]","[167, 291]","[168, 291]","[168, 292]","[169, 291]","[169, 292]","[170, 291]","[171, 291]","[182, 288]","[181, 288]","[185, 288]","[184, 288]","[186, 288]","[183, 288]","[268, 280]"
"[73, 210]","[128, 280]","[135, 354]","[162, 286]","[163, 286]","[164, 286]","[165, 285]","[165, 286]","[166, 285]","[166, 286]","[167, 285]","[167, 286]","[168, 285]","[169, 285]","[168, 286]","[179, 282]","[178, 282]","[181, 282]","[180, 282]","[184, 282]","[183, 282]","[182, 282]","[265, 274]"
"[67, 188]","[78, 288]","[121, 259]","[128, 335]","[157, 267]","[158, 266]","[158, 267]","[159, 266]","[160, 266]","[161, 266]","[160, 267]","[159, 267]","[162, 266]","[161, 267]","[172, 263]","[175, 263]","[174, 263]","[173, 263]","[173, 264]","[176, 263]","[174, 264]","[178, 263]","[175, 264]","[176, 264]","[177, 263]","[259, 258]"
"[66, 181]","[120, 252]","[126, 328]","[155, 260]","[258, 252]"
"[64, 173]","[118, 245]","[124, 320]","[153, 253]","[154, 253]","[155, 253]","[155, 252]","[156, 252]","[156, 253]","[157, 252]","[157, 253]","[158, 253]","[158, 252]","[170, 250]","[169, 250]","[172, 250]","[171, 250]","[174, 250]","[173, 250]","[171, 251]","[175, 250]","[172, 251]","[256, 246]"
"[63, 165]","[116, 238]","[122, 313]","[152, 246]","[153, 246]","[154, 246]","[155, 246]","[156, 246]","[157, 246]","[158, 246]","[169, 243]","[168, 243]","[169, 244]","[171, 243]","[170, 243]","[170, 244]","[174, 243]","[173, 243]","[171, 244]","[172, 243]","[254, 240]"
"[59, 140]","[112, 214]","[117, 290]","[148, 224]","[149, 224]","[150, 223]","[151, 223]","[151, 224]","[150, 224]","[152, 223]","[152, 224]","[153, 223]","[153, 224]","[154, 223]","[154, 224]","[163, 222]","[164, 222]","[165, 221]","[165, 222]","[167, 221]","[166, 221]","[166, 222]","[169, 221]","[168, 221]","[170, 221]","[167, 222]","[168, 222]","[169, 222]"
"[57, 131]","[110, 206]","[116, 282]","[146, 216]","[147, 216]","[148, 216]","[149, 216]","[150, 216]","[151, 216]","[152, 216]","[163, 214]","[164, 214]","[164, 215]","[165, 214]","[168, 214]","[166, 214]","[165, 215]","[169, 214]","[166, 215]","[167, 214]"
"[56, 123]","[109, 198]","[114, 274]","[145, 209]","[146, 208]","[147, 208]","[148, 208]","[147, 209]","[146, 209]","[149, 208]","[149, 209]","[148, 209]","[150, 208]","[150, 209]","[151, 208]","[151, 209]","[152, 208]","[162, 207]","[162, 206]","[163, 206]","[163, 207]","[164, 206]","[164, 207]","[167, 206]","[165, 206]","[168, 206]","[165, 207]","[166, 207]","[167, 207]"
"[108, 190]","[113, 266]","[144, 201]","[145, 201]","[145, 200]","[146, 200]","[147, 200]","[146, 201]","[148, 200]","[148, 201]","[147, 201]","[149, 200]","[149, 201]","[150, 200]","[150, 201]","[151, 200]","[161, 199]","[162, 198]","[161, 198]","[162, 199]","[163, 198]","[163, 199]","[166, 198]","[164, 198]","[167, 198]","[164, 199]","[165, 199]","[166, 199]"
"[54, 106]","[107, 181]","[112, 258]","[144, 192]"
"[59, 185]","[105, 155]","[111, 232]","[142, 167]","[143, 167]","[144, 166]","[144, 167]","[145, 166]","[145, 167]","[146, 166]","[146, 167]","[147, 167]","[147, 166]","[159, 165]","[159, 166]","[160, 166]","[160, 165]","[161, 165]","[161, 166]","[164, 165]","[162, 165]","[162, 166]","[164, 166]","[163, 166]"
"[51, 70]","[105, 147]","[111, 223]","[141, 158]","[142, 158]","[143, 158]","[144, 158]","[145, 158]","[146, 158]","[147, 158]","[158, 157]","[159, 157]","[160, 157]","[159, 158]","[161, 157]","[160, 158]","[164, 157]","[163, 157]","[162, 157]"
"[104, 137]","[111, 214]","[141, 149]","[142, 149]","[143, 149]","[144, 149]","[145, 149]","[146, 149]","[147, 149]","[158, 148]","[159, 148]","[160, 148]","[161, 148]","[160, 149]","[164, 148]","[163, 148]","[162, 148]"
"[50, 52]","[104, 128]","[111, 205]","[141, 140]","[142, 140]","[143, 140]","[144, 140]","[145, 139]","[145, 140]","[146, 140]","[158, 139]","[159, 139]","[160, 139]","[163, 139]","[161, 139]","[164, 139]","[162, 139]"
"[49, 43]","[104, 119]","[111, 196]","[141, 131]","[142, 131]","[143, 131]","[144, 130]","[144, 131]","[145, 130]","[145, 131]","[146, 131]","[157, 129]","[158, 130]","[158, 129]","[159, 130]","[160, 129]","[159, 129]","[160, 130]","[163, 129]","[161, 129]","[163, 130]","[162, 129]","[161, 130]","[162, 130]"
"[49, 33]","[104, 110]","[111, 186]","[141, 122]","[141, 121]","[142, 121]","[143, 121]","[143, 122]","[142, 122]","[144, 121]","[144, 122]","[145, 121]","[145, 122]","[146, 122]","[146, 121]","[147, 122]","[158, 120]","[158, 121]","[159, 121]","[159, 120]","[161, 120]","[160, 120]","[160, 121]","[163, 120]","[162, 120]","[161, 121]","[162, 121]","[163, 121]"
"[48, 25]","[104, 100]","[112, 177]","[141, 112]","[142, 112]","[143, 112]","[142, 113]","[144, 112]","[143, 113]","[145, 112]","[145, 113]","[144, 113]","[146, 113]","[146, 112]","[158, 111]","[159, 111]","[159, 112]","[160, 111]","[163, 111]","[162, 111]","[161, 111]","[160, 112]"
"[48, 15]","[104, 91]","[113, 167]","[141, 103]","[141, 102]","[142, 102]","[143, 102]","[144, 102]","[143, 103]","[142, 103]","[144, 103]","[145, 102]","[145, 103]","[146, 103]","[158, 101]","[158, 102]","[159, 101]","[159, 102]","[160, 101]","[160, 102]","[162, 101]","[161, 101]","[163, 102]","[161, 102]","[162, 102]"
"[48, 6]","[104, 81]","[114, 158]","[141, 93]"
